seconds,x,y,z
-0.001809708308,0.7768552244,0.6280927026,-1.594031094
0.008141291793,0.7433302134,0.5635496745,-1.484799843
0.01809229166,0.577270166,0.4551191998,-1.2658988
0.02804429177,0.480492315,0.3921999434,-1.126515797
0.03799529164,0.3310649648,0.4449032369,-0.8522726119
0.04794629174,-0.002925654352,0.03827762783,-0.8494004595
0.05789829162,-0.3851484936,-0.2479657978,-0.7604350734
0.06784929172,-0.6700037903,-0.04446895212,-0.4894844556
0.07780029182,-0.2569766495,0.2275672013,-0.2680381197
0.08775129169,-0.3239860332,0.3563608968,-0.2281361353
0.0977032918,-0.2272385877,-0.06397263229,-0.1129378009
0.1076542917,-0.1955267984,-0.08387626201,-0.0523571384
0.1176052918,-0.1963296211,-0.2072721004,0.03131768703
0.1275572916,-0.1878236765,-0.3537834442,0.1663310659
0.1375082918,-0.1882683572,-0.5102099115,0.3104473901
0.1474592916,-0.1439976257,-0.5972644275,0.5947261512
0.1574112917,-0.189085798,-0.648567313,0.906558162
0.1673622918,-0.2689692888,-0.7479062444,1.207031956
0.1773137501,-0.3409970453,-0.8497267342,1.877250339
0.18726575,-0.5581474319,-0.9755342567,2.074307354
0.1972167501,-0.4784680089,-0.9496848857,1.695236456
0.20716775,-0.3521421307,-0.6629865468,1.487482545
0.2171197501,-0.3470220163,-0.4815141159,1.309654099
0.22707075,-0.4246800569,-0.409791584,1.019235177
0.2370217501,-0.4902138957,-0.2555437893,0.783078416
0.2469737499,-0.5132057324,-0.1500594342,0.5426239514
0.2569247501,-0.5467699197,-0.07053379297,0.3386941195
0.2668757502,-0.5747085008,0.01101732373,0.1506675446
0.27682675,-0.5435165289,0.04799628496,-0.002148851752
0.2867787501,-0.4828718394,0.07083609402,-0.08435544133
0.29672975,-0.4413753194,0.06222256064,-0.1818589318
0.3066807501,-0.4304062352,0.06837149262,-0.2817475015
0.31663275,-0.4066367188,0.1385848582,-0.362448433
0.3265837501,-0.4699620643,0.1649318272,-0.4661365235
0.3365347499,-0.5831121191,0.1800392783,-0.5206594706
0.3464867501,-0.6216838619,0.1815969765,-0.5436583239
0.3564377502,-0.5991679886,0.2507262683,-0.4630451006
0.36638875,-0.4947633219,0.1001195347,-0.3482987559
0.3763407501,-0.4596089843,0.174586165,-0.2524932969
0.38629175,-0.4679281104,-0.01737967908,-0.3532764906
0.3962427501,-0.3409353572,0.04404356718,-0.1665403962
0.40619475,-0.3061634275,-0.02454193354,0.02428699493
0.4161457501,-0.2863635859,-0.04110534132,0.1829394972
0.42609675,-0.3195494583,0.04405818522,0.3795831138
0.4360487501,-0.4401626068,0.1675034326,0.4380681342
0.4459997502,-0.6377903098,0.1545576972,0.3394022173
0.45595075,-0.8900175583,0.08711240351,0.1146048421
0.4659017501,-0.9703819826,-0.006668749452,-0.1106117785
0.47585375,-0.8988214186,-0.03429742813,-0.1155912673
0.4858047501,-0.7825530437,0.01517118573,-0.06533327937
0.49575575,-0.6593545488,0.07145706832,-0.04761943191
0.5057077501,-0.5149148735,0.1503120339,-0.1733070865
0.51565875,-0.4109198043,0.1697306371,-0.3213261348
0.5256097501,-0.5068398687,0.1786464715,-0.4091010278
0.5355617502,-0.6259932598,0.2850751519,-0.4733093029
0.54551275,-0.7204632148,0.3173833573,-0.5872545791
0.5554637501,-0.6343468845,0.04122228563,-0.4374214321
0.56541575,-0.2934702918,-0.4798388886,0.08531321526
0.5753667501,0.07870849282,-0.9697361577,0.5449461731
0.58531775,0.3295987755,-1.169579955,0.6531582543
0.5952687501,0.4756005344,-0.95629107,0.7895410511
0.60522075,0.3752459416,-0.5558480144,0.5419295946
0.6151717501,0.3175102419,-0.7211774522,-0.1783946027
0.6251227499,0.04036420673,-0.6693793076,-0.654862133
0.6350747501,0.1476831257,-0.4823490983,-0.8818273634
0.6450257502,0.456943531,-0.2643491113,-0.8497245415
0.65497675,0.6904441944,-0.3785563427,-1.127006378
0.6649287501,0.7547869554,-0.549208501,-1.281078172
0.67487975,0.8043447393,-0.5155589443,-1.080865415
0.6848307501,0.8168650898,-0.4754645866,-0.8158191691
0.69478275,0.6901339996,-0.526397928,-0.5027682332
0.7047337501,0.6392255089,-0.517231248,-0.1479819915
0.71468475,0.5734808779,-0.3519708073,0.1726799726
0.7246357501,0.8292141169,-0.6093360043,0.2229782699
0.7345877502,0.7443169311,-1.064868017,0.04549250722
0.74453875,0.8609346771,-1.075928611,0.2764528477
0.7544897501,1.262126761,-1.207647083,0.4357824576
0.76444175,1.161968342,-1.356410775,0.3908419641
0.7743927501,0.9050992817,-1.408248096,0.3927095648
0.78434375,0.6091298899,-1.317750739,0.6869672207
0.7942957501,0.3633588445,-1.039489932,1.090520922
0.80424675,0.08745709687,-1.016913832,1.163003153
0.8141977501,-0.217051861,-1.09951394,1.011909785
0.8241497502,-0.3566839555,-1.088008373,0.8687101583
0.83410075,-0.269781467,-1.059726561,0.7987341897
0.8440517501,-0.0769090122,-1.130139316,0.6314826259
0.85400375,-0.01356817156,-1.145885868,0.5786990793
0.8639547501,-0.01845439732,-1.061263209,0.4591131404
0.87390575,-0.1111479682,-0.6464260626,-0.3421100628
0.8838567501,-0.2922625494,-0.1407407266,-1.096948181
0.89380875,-0.5564751282,0.166165005,-1.005315588
0.9037597501,-0.8875962263,0.009720996022,-0.889523761
0.9137107502,-1.306215937,-0.3490355051,-0.7942495215
0.9236627501,-1.604670395,-0.5916867685,-0.2623709983
0.9336137502,-1.6313451,-0.6721684295,0.2925019929
0.94356475,-1.363295286,-0.5449581599,0.8060644054
0.9535167501,-1.131715433,-0.5248571867,1.048550193
0.96346775,-0.9145632926,-0.4657424212,1.041002314
0.9734187501,-0.7171367338,-0.3633319473,1.005429024
0.98337075,-0.6617919606,-0.2808669108,0.7531500274
0.9933217501,-0.6571255901,-0.2167738259,0.4040022558
1.00327275,-0.6996594062,-0.1941070944,0.3742791045
1.01322375,-0.6790257517,0.09949212849,0.08645108342
1.02317575,-0.7025119704,0.2551666439,-0.04505308896
1.03312675,-0.749133575,0.3588395315,-0.1378293979
1.04307775,-0.7982127643,0.4482802963,-0.0826044926
1.05302975,-0.834295055,0.4580147409,-0.07899208277
1.06298075,-0.8133281091,0.572207939,0.1661825466
1.07293175,-0.6970185113,0.6148125064,0.1702285275
1.08288375,-0.6091445079,0.5075973755,0.1076820311
1.09283475,-0.4942247933,0.5207126802,0.1984276021
1.10278575,-0.5314955306,0.5239298183,0.2229680738
1.11273675,-0.6563844556,0.357076596,0.1882481843
1.12268875,-0.8441961452,0.3327322984,0.1640614691
1.13263975,-0.9249217813,0.4158908147,0.1936109582
1.14259075,-1.058857664,0.6366869402,0.3185206407
1.15254275,-1.124606242,0.6419120121,0.3548137236
1.16249375,-1.649558885,0.4237810475,0.337404516
1.17244475,-1.87349862,0.575215162,0.5737837636
1.1823965,-2.185408545,0.5357698452,0.5371743464
1.1923475,-2.484099523,0.5283748716,0.6246443072
1.2022985,-2.551355367,0.5264178085,0.6731759048
1.2122505,-2.802237756,0.5302225918,0.785456771
1.2222015,-3.044893697,0.4643022519,0.8100758877
1.2321525,-3.209341082,0.3952706087,0.8096104494
1.2421035,-3.340319005,0.4153581333,0.8217793822
1.2520555,-3.410172767,0.556791755,0.8140704131
1.2620065,-3.528747869,0.6436854726,0.8376884866
1.2719575,-3.724171171,0.6415886611,0.7697356546
1.2819095,-3.893374974,0.6963004732,0.7616147491
1.2918605,-4.072970449,0.7401288629,0.7652075708
1.3018115,-4.188432493,0.7744678062,0.7814841726
1.3117635,-4.27486428,0.8270418763,0.8288264465
1.3217145,-4.407516553,0.7680884939,0.8435126057
1.3316655,-4.581806849,0.6591396636,0.7673491135
1.3416165,-4.843093189,0.4890125853,0.6897781965
1.3515685,-5.048671936,0.2018762898,0.4531747082
1.3615195,-5.077689328,0.05845987737,0.3739317799
1.3714705,-4.991400797,-0.01603715837,0.3371902156
1.3814225,-4.940811857,-0.09389692783,0.2323698118
1.3913735,-4.97869012,-0.1962068295,0.199683584
1.4013245,-4.995408479,-0.2523377609,0.3636453581
1.4112765,-5.004086916,-0.2122007185,0.6979394478
1.4212275,-5.015449811,-0.01115414858,1.179036365
1.4311785,-5.050428439,0.3070823175,1.811299594
1.4411295,-5.021240308,0.740069806,2.344458073
1.4510815,-4.903781733,1.140439187,2.692038498
1.4610325,-4.844783911,1.353201238,2.780027692
1.4709835,-4.759911869,1.412220694,2.681174372
1.4809355,-4.54335322,1.310303725,2.458519416
1.4908865,-4.21528086,1.161793218,2.165176301
1.5008375,-3.692482478,0.9814615792,1.75913249
1.5107895,-3.118193223,0.7897068197,1.400986438
1.5207405,-2.623630461,0.5272276479,1.001163188
1.5306915,-2.14934058,0.2243459702,0.5929333949
1.5406425,-1.734862452,-0.08586460769,0.2434532091
1.5505945,-1.382369488,-0.3900046062,-0.01246392488
1.5605455,-1.100711157,-0.6253445113,-0.1113333249
1.5704965,-0.8610533756,-0.8231546474,-0.1588419521
1.5804485,-0.9357766986,-1.301481446,-0.350657815
1.5903995,-0.960924696,-1.663135242,0.09944505841
1.6003505,-1.010384539,-2.093800217,0.3932851866
1.6103025,-0.919964658,-2.48474564,0.7273307696
1.6202535,-0.7834678406,-2.558147492,0.7548261318
1.6302045,-0.3180075476,-2.468095109,1.607338772
1.6401555,-0.1142689195,-2.364367842,1.506264094
1.6501075,-0.01754047751,-2.146806396,1.265859624
1.6600585,-0.05812132359,-1.835809368,1.049776646
1.6700095,0.02864112407,-1.896459612,1.080226606
1.6799615,-0.426190685,-1.370172781,0.7942840201
1.6899125,-0.605101743,-1.271895704,0.7348093584
1.6998635,-0.6165491295,-1.139330555,0.8416552377
1.7098155,-0.5324755239,-0.9719212621,0.8992924118
1.7197665,-0.4270075411,-1.048013418,0.9202698827
1.7297175,-0.1005598301,-0.8796931297,1.046491973
1.7396685,0.2473418999,-0.9245968223,1.214559077
1.7496205,0.6469581592,-0.9936606252,1.210264882
1.7595715,1.01970237,-1.026084021,1.119131348
1.7695225,1.347753387,-0.9570108622,1.033077291
1.7794745,1.573985084,-0.8943667173,1.012886855
1.7894255,1.682719322,-0.9703811055,0.9950259501
1.7993765,1.895023536,-0.7787965,1.154736798
1.8093285,2.083391588,-0.7077914214,1.17915214
1.8192795,2.289824029,-0.6609569782,1.149265266
1.8292305,2.481580542,-0.6039893103,1.154492677
1.8391815,2.574176465,-0.670565123,1.122939055
1.8491335,2.845803021,-0.5916148478,1.049095738
1.8590845,3.022601772,-0.6628503066,0.8827649644
1.8690355,3.10077963,-0.7190344477,0.8465958425
1.8789875,3.295073835,-0.8217033684,0.7094055453
1.8889385,3.417591714,-0.9769340801,0.502536318
1.8988895,3.558521306,-1.106782029,0.2293947485
1.9088405,3.53431968,-1.206686971,0.0520603922
1.9187925,3.476185493,-1.354115158,-0.08027963966
1.9287435,3.46313977,-1.489692208,-0.1933522189
1.9386945,3.540825292,-1.557685971,-0.2686020836
1.9486465,3.670433505,-1.59684185,-0.3568731129
1.9585975,3.715565239,-1.722964538,-0.5356070003
1.9685485,3.656503099,-1.900390695,-0.7252816129
1.9785005,3.638026482,-1.881244572,-0.7244439992
1.9884515,3.066441856,-2.422740596,-1.236609804
1.9984025,2.61275347,-2.82914138,-1.662136246
2.0083535,2.254172385,-3.255565369,-1.958815782
2.0183055,1.97839723,-3.53576979,-2.18494486
2.0282565,1.926435948,-3.500283038,-2.152756231
2.0382075,1.792874433,-3.668034977,-2.195412253
2.0481595,1.876127089,-3.523152668,-2.009228721
2.0581105,2.017045571,-3.267908256,-1.752450584
2.0680615,2.141782469,-3.045245699,-1.513316714
2.0780125,2.389281074,-2.67141683,-1.041272456
2.0879645,2.592970585,-1.976707969,-0.3819012424
2.0979155,2.505488638,-1.449114286,0.09580925971
2.1078665,2.117422968,-1.151104508,0.2177675602
2.1178185,1.439826568,-0.746506421,-0.1650873631
2.1277695,0.4919806319,-0.4881197155,-0.3451971003
2.1377205,-0.1533981943,-0.1487373787,0.2046926013
2.1476725,-0.5022267079,0.2751495034,0.7386819693
2.1576235,-1.05820453,-0.08505710721,0.1727673885
2.1675745,-1.507131529,-0.2540094799,-0.307145175
2.1775255,-1.578785941,0.3354839981,-0.1354177138
2.187477,-1.835417312,0.3970703816,-0.01939492196
2.197428,-2.16761459,0.3643885392,-0.2681416154
2.207379,-2.259445989,0.2137321043,-0.656147351
2.217331,-1.976889818,0.679637078,-0.3639169613
2.227282,-1.623000831,0.8200579619,-0.1297321737
2.237233,-1.469427805,0.4335558379,-0.5764115024
2.247184,-1.218636048,0.1873272479,-0.8185087422
2.257136,-0.728460744,0.372381683,-0.5748330465
2.267087,-0.561225991,-0.04629299104,-0.5770582044
2.277038,-0.3735543421,-0.2223035377,-0.3492410347
2.28699,0.03033769369,0.07268556833,0.2472685173
2.296941,0.263767021,0.2423343444,0.5877548084
2.306892,0.3311015099,0.3720501459,0.81377776
2.316843,0.3944008353,0.5373866004,1.081870551
2.326795,0.3452111337,0.6053417712,1.220902137
2.336746,0.1563180014,0.5919411224,1.289074824
2.346697,-0.1234613273,0.4566821605,1.25041011
2.356649,-0.4124853963,0.2524061733,1.229056664
2.3666,-0.5323816761,0.1643359959,1.420626651
2.376551,-0.5272837812,0.2401498246,1.610593624
2.386503,-0.4078541091,0.7231877249,1.782797341
2.396454,-0.5059744808,0.6936744887,1.564136034
2.406405,-0.678695384,0.5261611158,1.449068677
2.416356,-0.7156538799,0.5556573951,1.486839352
2.426308,-0.7158927387,0.735390864,1.340567159
2.436259,-0.7153124025,0.7619179273,1.282005832
2.44621,-0.5008172366,0.8480351347,1.12957506
2.456162,-0.341551069,1.094485334,1.091802924
2.466113,-0.289826307,1.342716596,1.075700277
2.476064,-0.3090382111,1.376773118,1.019321423
2.486015,-0.5620083484,1.495795532,0.7671965012
2.495967,-0.8832812735,1.44716307,0.5294381878
2.505918,-0.9064239684,1.487401269,0.4576568913
2.515869,-1.4553787,1.480697436,-0.1079089031
2.525821,-1.703220829,1.2707707,-0.550022141
2.535772,-1.806537622,1.364797436,-0.8008326092
2.545723,-1.818400745,1.404945588,-0.9001177463
2.555674,-1.869082656,1.591712673,-0.9689488301
2.565626,-2.153055608,1.340649605,-1.026141323
2.575577,-2.647476283,0.8586870074,-1.41245429
2.585528,-3.168988278,0.3992484695,-1.421340011
2.59548,-3.791644239,-0.1077174067,-1.415400702
2.605431,-4.487864021,-0.7144666028,-1.523751362
2.615382,-5.034903497,-1.287473271,-1.329661517
2.625333,-5.243397081,-1.554983972,-0.8534174967
2.635285,-5.038484332,-1.31002072,-0.1141990453
2.645236,-4.78488328,-1.015397065,0.6948410082
2.655187,-4.395407555,-0.4440708858,1.511864265
2.665139,-3.76831151,0.611602385,2.258437637
2.67509,-3.27277811,1.683250249,2.624607238
2.685041,-3.178815401,2.38495355,2.825756719
2.694992,-3.399039961,2.495202801,2.621143055
2.704944,-3.853884634,2.121543501,2.272806877
2.714895,-4.151173742,1.667501358,2.078780766
2.724846,-4.111080554,1.290620243,1.852601548
2.734798,-3.909393714,0.9699612755,1.458569233
2.744749,-3.783811894,0.2824865896,0.713733362
2.7547,-3.288988346,0.04996972024,0.4304230459
2.764651,-2.791216339,-0.174615401,0.6287559231
2.774603,-2.45005908,-0.5996231943,0.5869389756
2.784554,-2.179281247,-0.8789341611,1.088744392
2.794505,-1.968643489,-1.199709488,1.443903393
2.804457,-1.856094528,-1.567513386,1.761455297
2.814408,-1.715992318,-1.682172607,2.664582897
2.824359,-1.056531057,-1.831797009,3.071612256
2.83431,-0.1473053956,-2.334030733,4.269076706
2.844262,0.004260281324,-1.983243402,5.277110372
2.854213,0.118616032,-2.110014546,5.402417958
2.864164,0.3234738171,-2.118706432,4.816792705
2.874116,0.2827719337,-2.227279871,4.634182406
2.884067,-0.04872718692,-2.429281876,4.442266556
2.894018,-0.002220772505,-2.705303199,4.251740004
2.903969,0.4652074009,-2.483072752,4.058668744
2.913921,0.9323467219,-2.428606523,3.479306444
2.923872,1.369044269,-2.422838829,2.694560987
2.933823,1.813363076,-2.17816209,1.941802431
2.943775,2.444358922,-1.75972072,1.57545449
2.953726,2.996789823,-1.257318596,1.19266447
2.963677,3.406746299,-1.183736649,1.228777751
2.973628,3.525610837,-0.8237025315,0.2752541685
2.98358,3.991829807,-0.5187386602,-1.020146173
2.993531,4.407607185,-0.6084326094,-1.072376427
3.003482,3.8959764,-0.6256661081,-0.5092267022
3.013434,3.52454372,-0.9693461484,-0.07518145233
3.023385,3.105442784,-1.029352614,0.05948489428
3.033336,2.588174114,-0.9577563822,0.04737180233
3.043287,1.988887135,-0.9731170177,0.1302191006
3.053239,1.358159092,-1.053201653,-0.1466800359
3.06319,1.218018875,-1.331248451,-0.6700491062
3.073141,1.570121829,-1.706208172,-0.4496301261
3.083093,2.032532507,-1.815205534,0.6271178256
3.093044,2.124688718,-2.01236546,1.074068173
3.102995,2.021436245,-2.616875757,1.865881306
3.112946,2.206836251,-3.038323181,0.9961138245
3.122898,1.684310349,-2.729926409,-0.7668623328
3.132849,2.014258788,-2.628841499,-1.756127021
3.1428,2.723547097,-2.293877903,-2.448548452
3.152752,3.248556311,-1.973516559,-3.442629492
3.162703,3.062372194,-1.96030536,-4.226920035
3.172654,3.20001565,-1.744691622,-4.279085093
3.182605042,3.331607239,-1.723214799,-4.341426644
3.192557042,3.598688169,-1.724704084,-4.263443791
3.202508042,3.92528323,-1.43620071,-3.758522394
3.212459042,3.684080907,-1.389584368,-3.454875315
3.222411042,2.744253842,-2.25809996,-3.266171633
3.232362042,1.701932688,-2.817147571,-2.757129703
3.242313042,0.7208043998,-3.535625948,-2.519398579
3.252264042,-0.08688787043,-4.135932097,-2.049016392
3.262216042,-0.1263372803,-3.595593823,-0.2612828314
3.272167042,0.1489396924,-3.075393358,0.5072246155
3.282118042,0.4691747367,-2.458477024,1.162296956
3.292069042,0.9174597108,-1.893483379,2.071884268
3.302021042,1.381963107,-1.384862741,2.786157036
3.311972042,1.610596256,-0.8093552184,3.085339472
3.321923042,1.516228627,-0.7303283447,3.13309953
3.331875042,1.062131521,-0.7283648497,2.728673058
3.341826042,0.848532148,-0.7650134432,2.48292891
3.351777042,0.7664436722,-0.6242411417,2.255551451
3.361728042,0.7341103238,-0.6262058061,1.859191506
3.371680042,0.6617849439,-0.7718312967,1.362591866
3.381631042,0.5648825473,-0.9061307305,0.6450168836
3.391582042,0.5164494753,-0.8445648122,0.6113679117
3.401534042,-0.1000318265,-1.664217562,-0.6433141744
3.411485042,-0.5581781298,-1.53652899,-1.672428807
3.421436042,-0.6937715524,-1.724314075,-1.481296484
3.431387042,-0.6118479681,-1.769357516,-1.368958315
3.441339042,-0.5889081717,-1.682091916,-1.250081204
3.451290042,-0.4151645905,-1.536388072,-0.735990496
3.461241042,-0.3680167365,-1.260863178,-0.3317157599
3.471193042,-0.3435970098,-1.02166411,-0.01988374919
3.481144042,-0.2594497293,-0.7257645929,0.3434060982
3.491095042,-0.1647382843,-0.4449584931,0.8569951156
3.501046042,-0.1388444746,-0.251302219,1.255585481
3.510998042,-0.07124890745,-0.05838971078,1.414171033
3.520949042,-0.01949520171,0.1192978173,1.481219593
3.530900042,-0.01642248988,0.2990219307,1.529458537
3.540852042,-0.01471393347,0.4605717283,1.412090886
3.550803042,-0.02870047331,0.639770177,1.215901013
3.560754042,-0.04640350342,0.7788859624,1.029899621
3.570705042,-0.09012138069,0.8214057451,1.004730866
3.580657042,-0.04960076094,1.092702518,0.8416473439
3.590608042,-0.02847652495,1.302213517,0.7497665361
3.600559042,-0.05273311436,1.44557672,0.7596354666
3.610510042,-0.126661216,1.561563259,0.7413956621
3.620462042,-0.1753077114,1.727441751,0.714795801
3.630413042,-0.2472787499,1.881139323,0.6982692307
3.640364042,-0.4156534177,1.937731599,0.6499612892
3.650316042,-0.5864026397,1.904093152,0.6115819198
3.660267042,-0.800368048,1.862324152,0.5995489347
3.670218042,-1.042541302,1.77157478,0.5938312349
3.680169042,-1.341809985,1.634373373,0.5482726541
3.690121042,-1.603372605,1.519143464,0.3943069875
3.700072042,-1.656594255,1.550978045,0.3927144983
3.710023042,-1.82133517,1.511693527,0.2935699868
3.719975042,-1.893426661,1.501054518,0.2056524217
3.729926042,-1.916261208,1.503708569,0.1439561105
3.739877042,-1.944669905,1.486151719,0.1764385629
3.749828042,-1.987214539,1.389123023,0.08712205142
3.759780042,-2.13979003,1.217609569,-0.1046069804
3.769731042,-2.403090735,1.045799662,-0.2843571138
3.779682042,-2.704643926,0.8373154342,-0.4492614591
3.789634042,-3.009139143,0.6760498112,-0.6250313929
3.799585042,-3.38922424,0.4411694974,-0.7892668167
3.809536042,-3.890484695,0.000868896246,-0.978491486
3.819487042,-4.376139809,-0.5047170371,-1.1688511
3.829439042,-4.760057464,-0.9699057269,-1.284463125
3.839390042,-4.950022976,-1.230166465,-1.245693454
3.849341042,-4.899318261,-1.220171235,-0.9828552631
3.859292042,-4.584024406,-0.8379095113,-0.5528679809
3.869244042,-4.111704159,-0.09818586051,-0.003369165659
3.879195042,-3.574847024,0.8908601421,0.6095032346
3.889146042,-3.04048782,1.921630121,1.08977511
3.899098042,-2.745737573,2.646762046,1.285352194
3.909049042,-2.894002496,2.732393349,1.200752339
3.919000042,-3.31455208,2.269150028,0.7191739038
3.928951042,-3.450099017,1.654734548,-0.06842177868
3.938903042,-3.221505337,1.113438499,-0.4400766528
3.948854042,-2.872809556,0.7148548579,-0.7262724236
3.958805042,-2.346396717,0.3798678732,-1.226925938
3.968757042,-1.579031524,0.1533666193,-1.656120776
3.978708042,-0.7076551813,-0.171335113,-1.692296476
3.988659042,-0.1473586053,-0.4368817341,-1.465963476
3.998610042,0.2750021535,-0.8044464809,-1.008532434
4.008562042,0.4324904752,-1.275713351,-0.6330648825
4.018513042,0.4441626871,-1.677922851,-0.1772829008
4.028464042,0.4005138069,-1.982573896,0.254238106
4.038415042,0.2576101953,-2.286872354,0.4149909282
4.048367042,0.3143281871,-2.286856567,0.7843171486
4.058318042,0.4773169845,-2.183301793,1.032550457
4.068269042,0.8263776326,-2.29192201,0.7708594894
4.078221042,1.342139475,-2.209174553,0.8059908767
4.088172042,1.882697605,-2.329085743,1.335025899
4.098123042,1.636433347,-2.076767278,1.751948893
4.108074042,1.63563988,-1.902097498,1.718285011
4.118026042,1.732593732,-1.684878699,1.326505336
4.127977042,1.938860697,-1.495970948,1.092077305
4.137928042,2.046467591,-1.580367905,1.025957282
4.147880042,4.011203971,-1.815327741,-0.4411909859
4.157831042,5.20934699,-1.355437213,1.246911867
4.167782042,4.168373619,-1.543619324,-0.5622248416
4.177733042,4.344074264,-1.513233683,-1.692190057
4.187685,4.199309483,-1.038082507,-1.022153961
4.197636,3.866326924,-1.239261809,-0.9037348339
4.207587,3.800038794,-1.214943824,-0.8793170075
4.217538,4.074280225,-0.8820998436,-1.152234775
4.22749,4.603433946,-0.8959402031,-1.844824605
4.237441,5.258127387,-1.253183445,-1.532771569
4.247392,4.866156946,-1.491776156,-1.39355068
4.257344,4.668093041,-1.603577843,-1.563420335
4.267295,4.465714476,-1.698103931,-1.510601267
4.277246,4.236648633,-1.588496704,-1.272621928
4.287197,4.214769521,-1.103060276,-0.9398357626
4.297149,4.027474433,-0.914181177,-1.054166297
4.3071,3.712873181,-1.382440825,-1.46563267
4.317051,3.385563006,-1.473691887,-0.9455415487
4.327002,2.959032598,-1.888545406,-0.3358126116
4.336954,2.966683679,-2.544938048,0.794971141
4.346905,2.722379408,-3.303999025,1.380016569
4.356856,2.623338684,-3.203300616,1.369457667
4.366808,3.963881285,-4.73650488,2.890129008
4.376759,1.105358816,-1.512367126,-2.866738976
4.38671,1.318672845,-0.8238107049,-1.658084418
4.396661,0.7083322889,-0.9415818143,-2.510024908
4.406613,0.6141658044,-0.8660983533,-2.449267659
4.416564,0.4054693222,-3.526270988,-1.053512725
4.426515,0.1425475162,-5.063301669,-0.1253667156
4.436467,0.5056625319,-5.758936729,1.27061034
4.446418,1.301922911,-6.248892471,2.944157281
4.456369,2.091979394,-6.892131801,6.2323238
4.46632,2.143674628,-6.233354664,8.011713384
4.476272,1.981637172,-6.141913567,8.135822875
4.486223,2.104496529,-3.772787846,6.9941318
4.496174,2.197276638,-2.48548122,6.4449309
4.506125,1.894285617,-1.419360729,5.532053068
4.516077,1.440465084,-0.5229398847,4.377427951
4.526028,0.7826761276,0.07027242243,3.463463706
4.535979,-0.2658670485,0.2218778604,3.021770883
4.545931,-0.4926173937,0.3365534538,2.984910035
4.555882,-1.640893019,0.2312626415,2.75742411
4.565833,-2.64711434,0.1142697966,2.696787314
4.575784,-3.34541807,0.06805223465,2.672761105
4.585736,-3.839320974,-0.07843455076,2.57173876
4.595687,-4.192981626,-0.2324098653,2.386309519
4.605638,-4.346240365,-0.2668072808,2.218949343
4.61559,-4.371229025,-0.2513565981,2.112357087
4.625541,-4.341164397,-0.1554131448,2.203383032
4.635492,-4.356815054,-0.1548553205,2.299399868
4.645443,-4.426671155,-0.2254961175,2.509668227
4.655395,-4.721018821,-0.4089834988,2.878845052
4.665346,-5.018900253,-0.5510755169,3.568607168
4.675297,-5.14349974,-0.4407543451,4.211995018
4.685248,-5.125892605,-0.1422721124,4.57401982
4.6952,-5.139503753,0.2311264014,4.554973977
4.705151,-5.157107965,0.5811348832,4.077640035
4.715102,-5.127699394,0.8956519353,3.321987984
4.725054,-4.993370724,1.164004635,2.53673265
4.735005,-4.757438496,1.543052729,1.755973824
4.744956,-4.639073895,1.839466801,0.8702750194
4.754907,-4.542784871,2.036469437,0.1099031691
4.764859,-4.283242756,2.200804263,-0.3390496302
4.77481,-4.229718513,2.17903391,-0.7182264356
4.784761,-4.33892696,2.009917815,-1.455500615
4.794712,-4.239486287,1.905104136,-1.992584914
4.804664,-3.817348891,1.894811282,-2.069150695
4.814615,-3.329471251,1.89987614,-2.27611757
4.824566,-3.157802846,1.601958749,-2.397468345
4.834518,-2.824252523,1.46772305,-2.033693179
4.844469,-2.678224744,1.24753328,-1.712670515
4.85442,-2.747699606,1.012931294,-1.633800931
4.864371,-2.704912605,0.9561080521,-1.566043396
4.874323,-2.456662633,0.921107204,-1.853567362
4.884274,-1.946204507,1.09293056,-2.006003104
4.894225,-1.636240243,1.151260044,-1.664153827
4.904176,-1.442773711,0.8435462272,-1.904545727
4.914128,-1.365070647,0.6770818448,-1.763142511
4.924079,-1.565033874,0.5691352272,-1.402182194
4.93403,-1.81566761,0.7679247719,-1.470828506
4.943982,-2.107943024,0.9781093705,-1.692920959
4.953933,-2.382780724,1.131937335,-1.800247772
4.963884,-2.884755417,1.06346527,-1.720899886
4.973835,-2.955738861,1.072874025,-1.695193187
4.983787,-3.525072309,1.113882887,-1.289495677
4.993738,-3.749773205,1.299758856,-1.209140974
5.003689,-4.125208889,1.272106789,-1.158436478
5.01364,-4.757907443,1.122982324,-1.350040525
5.023592,-5.34079883,0.991300689,-1.722946558
5.033543,-5.585353947,1.050082163,-1.85417211
5.043494,-5.575139446,1.132532582,-1.611810722
5.053446,-5.544945593,1.106408976,-1.33217582
5.063397,-5.805164232,1.022518389,-1.132226772
5.073348,-5.947281978,1.102502452,-1.057365016
5.083299,-5.949691615,1.194944007,-1.089398403
5.093251,-5.805760063,1.269419408,-0.9186104429
5.103202,-5.791640207,1.265902308,-0.9022557807
5.113153,-5.639072317,1.504150034,-0.8083261085
5.123104,-5.343144733,1.866798441,-1.275364273
5.133056,-4.92462501,1.99481855,-1.903265187
5.143007,-4.58559029,1.783614782,-3.125671227
5.152958,-4.350902057,1.410164813,-2.569280591
5.16291,-4.782602574,0.8937170917,-1.201216754
5.172861,-4.704575866,0.8869629729,-1.239974585
5.182812,-5.057584262,0.6460307908,-1.704609689
5.192763,-4.661363481,0.5069980359,-2.451600698
5.202715,-4.070139812,0.1846422064,-3.46070382
5.212666,-3.918024496,0.163065396,-3.55669639
5.222617,-2.930368669,-0.7990109092,-3.745913458
5.232568,-1.877981388,-1.481550545,-3.529743065
5.24252,-0.3578960833,-1.566778391,-2.93890999
5.252471,1.479357255,-1.832488734,-2.682756336
5.262422,2.683091966,-2.261897727,-2.94634414
5.272374,3.577235027,-2.451030595,-2.512017639
5.282325,4.034576461,-2.534052286,-1.908472717
5.292276,4.416067229,-2.138158364,-1.285279981
5.302227,4.211896784,-1.854979464,-0.9180385852
5.312179,3.496411597,-2.154014844,-0.1209625196
5.32213,2.408978004,-1.951767256,0.7289443088
5.332081,2.057602151,-1.059628912,1.510026047
5.342032,1.290164745,-0.1727934086,2.251592009
5.351984,0.7491595951,0.005675307512,2.802817215
5.361935,0.5609441552,-0.1443239003,2.869639195
5.371886,0.6284970376,-0.1808643204,2.922522583
5.381837,1.286449132,-0.3950390589,3.244187272
5.391789,0.6878512466,0.06665591955,3.160476193
5.40174,0.4887073606,0.3864389741,3.124601187
5.411691,0.5722313279,0.4456110424,2.971967808
5.421643,0.1142917237,0.6395719564,3.09164394
5.431594,-0.2165960705,0.6033443624,3.158589882
5.441545,-0.4853571984,0.3757397389,3.214039028
5.451496,-0.7993933171,-0.020918414,3.540920602
5.461448,-1.052183068,-0.5060607272,4.106422369
5.471399,-1.032345219,-0.5606170034,4.684209137
5.48135,-1.138729461,-0.6802925509,5.38177027
5.491301,-1.13662037,-0.8819057161,5.559563048
5.501253,-0.8396075428,-0.8802597249,5.352793808
5.511204,-0.7518648094,-0.7513736433,5.153589696
5.521155,-0.3454108161,-1.097193764,4.819307008
5.531107,0.5567771369,-1.518786199,4.550300882
5.541058,0.8132728529,-1.83028258,3.688973272
5.551009,1.095032049,-2.153715466,3.637225413
5.56096,0.9127731675,-1.886398308,4.823908474
5.570912,0.4931278557,-2.021156749,4.738402301
5.580863,0.5118997568,-2.32763271,4.093365537
5.590814,1.012952929,-2.029487277,3.391310234
5.600765,1.867172663,-2.211509346,2.940073586
5.610717,1.17992251,-2.807859269,2.388815928
5.620668,1.146368263,-2.592799847,2.513775312
5.630619,1.03429702,-2.515350552,2.282018873
5.64057,1.193540091,-2.293262776,1.975293674
5.650522,1.396785214,-2.188540313,2.035443981
5.660473,1.244055941,-2.384886891,1.752660646
5.670424,1.206093478,-2.527680575,1.707170477
5.680376,1.264644572,-2.915036978,1.54834519
5.690327,1.539495283,-3.165793651,1.532659303
5.700278,1.931071621,-3.228310327,1.832020372
5.710229,2.217261837,-3.440341476,1.927799957
5.720181,2.465182611,-3.773128738,1.505159702
5.730132,2.651779541,-3.950690551,1.358310535
5.740083,2.956577936,-3.448408295,1.666384979
5.750034,2.940237308,-3.13965192,1.654316618
5.759986,2.955170512,-3.159778036,1.65775595
5.769937,3.577693741,-2.51316954,1.294531592
5.779888,3.845515514,-2.20347761,1.096488444
5.789839,4.026265229,-2.103374448,0.7641420619
5.799791,4.02278789,-2.100623918,0.4101776464
5.809742,3.92384423,-2.000735933,0.04511945486
5.819693,3.836829475,-1.811771464,-0.4212638211
5.829645,3.726933981,-1.73704054,-1.046557754
5.839596,3.902029438,-1.687132215,-1.679816325
5.849547,4.323422483,-1.588172184,-2.338586884
5.859498,4.859616836,-1.519542244,-3.038117359
5.86945,5.299870074,-1.651029167,-3.477221035
5.879401,5.484375456,-1.894586164,-3.706896157
5.889352,5.430230824,-1.826622807,-3.735822333
5.899303,4.967071118,-2.198278266,-3.686103458
5.909255,4.366634576,-2.440258269,-3.566448376
5.919206,3.861224644,-2.641146964,-3.560739155
5.929157,3.488010902,-2.725502406,-3.585241327
5.939108,3.310851962,-2.717310457,-3.468438517
5.94906,3.142797722,-2.650781422,-3.257447587
5.959011,2.79585552,-2.65978321,-3.012490182
5.968962,2.319326155,-2.691348819,-2.73745353
5.978914,2.166971104,-2.574464732,-2.644735401
5.988865,1.201516278,-2.558207719,-2.288631928
5.998816,0.7690240484,-2.322825714,-2.063221618
6.008767,0.3493980324,-2.042869214,-2.073906674
6.018719,0.07298436105,-1.889599659,-2.286150223
6.02867,-0.07230082154,-1.627004128,-2.118603229
6.038621,-0.3061192811,-1.294834916,-1.833252965
6.048572,-0.677083599,-0.939110781,-1.718501797
6.058524,-1.158305939,-0.5566274482,-1.579692698
6.068475,-1.59286896,-0.09821918964,-1.229624574
6.078426,-2.129025013,0.2390768605,-0.9780058748
6.088377,-2.594651367,0.6195165914,-0.8152199757
6.098329,-2.999594733,0.9843711537,-0.7300204888
6.10828,-3.237179091,1.286360546,-0.9650918604
6.118231,-3.384355263,1.632633242,-1.135062233
6.128182,-3.451380727,1.988506481,-1.139533453
6.138134,-3.476869325,2.24561557,-1.067015992
6.148085,-3.67352142,2.327728604,-1.05159016
6.158036,-3.986274952,2.3953575,-1.023805068
6.167988,-4.349368625,2.489929197,-0.8292915925
6.177939,-4.808634085,2.459488592,-0.5809955733
6.18789025,-4.953564634,2.481129137,-0.5207615045
6.19784125,-5.724079138,2.339537641,-0.01116555065
6.20779325,-5.837480038,2.34593391,0.05952699423
6.21774425,-6.131455822,2.27099424,0.3351106533
6.22769525,-6.371575241,2.132883006,0.5805872914
6.23764625,-6.498742826,1.997967276,0.7605859315
6.24759825,-6.582352747,1.849718724,1.006583557
6.25754925,-6.588932034,1.685065809,1.26685979
6.26750025,-6.617808509,1.53249792,1.526537268
6.27745125,-6.711500199,1.342657539,1.699301733
6.28740325,-6.846224726,1.098219951,1.816057181
6.29735425,-7.060014718,0.7622769463,1.746299314
6.30730525,-7.313523676,0.3181008106,1.589411793
6.31725625,-7.609637786,-0.250947293,1.335527152
6.32720825,-7.730723097,-0.7631493509,1.098160602
6.33715925,-7.609655913,-1.088500709,0.9958711651
6.34711025,-7.252278185,-1.14015852,1.024891481
6.35706125,-6.766699669,-1.039783462,1.160332291
6.36701325,-6.106803961,-0.7522700214,1.358048287
6.37696425,-5.400788924,-0.2254417384,1.626077051
6.38691525,-4.756662571,0.3516562271,1.782099476
6.39686725,-4.166243771,0.9667926693,2.008405433
6.40681825,-3.601699485,1.600955366,2.237493203
6.41676925,-3.271037686,1.930343058,2.197905214
6.42672025,-3.183940193,1.80682472,1.912882979
6.43667225,-3.1192121,1.411578085,1.59024736
6.44662325,-2.972473007,0.8339503616,1.247657534
6.45657425,-2.749316361,0.07181667209,0.8005867338
6.46652525,-2.464452001,-0.7552684736,0.455586977
6.47647725,-2.094795413,-1.671376308,0.1843287957
6.48642825,-1.728580788,-2.672566393,0.07420818329
6.49637925,-1.293143317,-3.580101625,0.1182093582
6.50633025,-0.7649204725,-4.310897747,0.2297689703
6.51628225,-0.2520775598,-4.928754898,0.3028562424
6.52623325,0.1511195344,-5.301232476,0.5162901387
6.53618425,0.5100619769,-5.410156748,0.6950968239
6.54613525,0.8863110083,-5.338103263,0.7461529568
6.55608725,1.258982129,-5.048387761,0.7850767019
6.56603825,1.640342796,-4.714922222,1.114713192
6.57598925,2.026205819,-4.426266235,0.8484102336
6.58594025,2.41439545,-3.247567547,0.2750848916
6.59589225,2.562542844,-2.989513548,0.1632861283
6.60584325,2.633516933,-2.840834057,0.2798579738
6.61579425,2.66155784,-2.772507003,0.4229995671
6.62574625,4.260538602,-2.597195783,-0.1722773919
6.63569725,5.943971869,-3.283182353,-1.067517098
6.64564825,5.368347986,-3.567923629,1.700512984
6.65559925,4.618266578,-3.468342038,1.553815699
6.66555125,3.848738499,-3.375528599,0.08431217194
6.67550225,4.011254257,-2.682445849,0.7031276822
6.68545325,4.220658252,-2.134234298,-0.2765287153
6.69540425,4.990213813,-1.615819573,-0.3569269073
6.70535625,5.331899368,-1.70998255,-0.9313069408
6.71530725,5.042832322,-1.699138303,-1.190616045
6.72525825,4.773530034,-1.320033492,-1.029419711
6.73520925,5.02670687,-1.159756633,-0.8021045248
6.74516125,5.177729926,-1.229729093,-0.9807714616
6.75511225,4.742669014,-1.309935935,-0.921922452
6.76506325,4.129640493,-1.240722443,-0.4191352884
6.77501425,3.927875885,-1.278010722,-0.2770517488
6.78496625,3.811479456,-1.441750887,-0.4133032756
6.79491725,3.767075116,-1.550962257,-0.465546978
6.80486825,3.670239378,-1.757528014,-0.5340083715
6.81481925,3.498478003,-2.02510128,-0.5265077095
6.82477125,3.229779732,-2.405868455,-0.7383957481
6.83472225,2.935699868,-2.747851633,-0.7919145821
6.84467325,2.747684988,-2.805929103,-0.6642448676
6.85462425,2.608446996,-2.714999052,-0.5371302
6.86457625,2.369929129,-2.724156377,-0.5423330525
6.87452725,2.090813459,-2.882517688,-0.5912995367
6.88447825,1.821900011,-3.161266152,-0.7691507868
6.89442925,1.790488769,-3.128317677,-0.7337059888
6.90438125,1.134915322,-4.239575749,-1.421561036
6.91433225,0.9591474348,-4.813902134,-1.652588327
6.92428325,0.9685269535,-5.100224497,-1.732244215
6.93423425,1.045534199,-5.231893269,-1.71954187
6.94418625,1.379161121,-5.068961774,-1.718085036
6.95413725,1.929784064,-4.715213998,-1.45203
6.96408825,2.728026649,-3.875690655,-0.714111823
6.97404025,3.594269428,-2.848509112,0.01913705975
6.98399125,4.144487743,-1.97601332,0.5054450154
6.99394225,4.147776217,-1.311753834,0.7286107251
7.00389325,3.700337335,-1.359401625,0.8100149305
7.01384525,3.082799442,-1.435482087,0.8486005604
7.02379625,2.116143597,-1.019212958,0.6800244561
7.03374725,1.123675804,-1.165630746,-0.1336767054
7.04369825,0.9788677543,-1.000849777,-0.1592629516
7.05365025,0.1887370116,-0.07581382871,-0.4815320961
7.06360125,0.1086132002,-1.734701654,-0.6439817803
7.07355225,0.2780362737,-1.339521677,-0.8057599117
7.08350325,0.3490624022,-0.6382691967,-0.7549758205
7.09345525,-0.03879101336,-1.164962409,-1.417989411
7.10340625,-0.4450999957,-0.9512098396,-1.446676289
7.11335725,-0.8902970552,-0.9313579577,-1.523260781
7.12330825,-1.374810208,-1.003023187,-1.516313704
7.13326025,-1.700342245,-0.873302123,-1.416083364
7.14321125,-1.986027262,-0.5645580268,-1.260312078
7.15316225,-2.264037808,-0.2494433892,-1.069296406
7.16311325,-2.480934717,0.06852995217,-0.8103983617
7.17306525,-2.68339222,0.2842103487,-0.5913900223
7.18301625,-2.84948472,0.4233524466,-0.4547543335
7.192967625,-2.94823396,0.5513292861,-0.408456957
7.202918625,-2.949679391,0.6912344456,-0.3658649611
7.212870625,-2.890507323,0.8377837962,-0.321150426
7.222821625,-2.80117327,0.9346049166,-0.2334375134
7.232772625,-2.699026213,1.063741844,-0.09844518453
7.242723625,-2.638922099,1.202454171,-0.04122170091
7.252675625,-2.54716876,1.46910884,0.06480089039
7.262626625,-2.61285258,1.683451393,0.1318509123
7.272577625,-2.707819256,1.845720983,0.2429123417
7.282528625,-2.92729625,1.991527737,0.4827180576
7.292480625,-3.194701701,2.040292346,0.709863967
7.302431625,-3.433695823,2.051560516,0.7806991839
7.312382625,-3.530750248,2.196300738,0.8062807524
7.322333625,-3.490577245,2.436211996,0.8602596161
7.332285625,-3.471122389,2.586442754,0.8254710218
7.342236625,-3.446211496,2.627554527,0.7998379979
7.352187625,-3.410373034,2.644634244,0.8222667477
7.362138625,-3.390373802,2.662012753,0.8413722324
7.372090625,-3.416651774,2.656325752,0.8210508192
7.382041625,-3.479755218,2.610536206,0.8517162493
7.391992625,-3.559439319,2.525220067,0.7800966284
7.401943625,-3.649852768,2.411853665,0.6272799397
7.411895625,-3.738843297,2.256346965,0.471832881
7.421846625,-3.812509736,2.059677621,0.2909495571
7.431797625,-3.782210926,1.715097694,0.1224480048
7.441749625,-3.767806018,1.566448023,0.1066733864
7.451700625,-3.791315333,1.433623842,0.1723268008
7.461651625,-3.921747711,1.2933468,0.3177894464
7.471602625,-4.177891717,1.119195083,0.4620063427
7.481554625,-4.566821313,0.7704303038,0.4342133573
7.491505625,-5.044142098,0.3572344708,0.2509551868
7.501456625,-5.488539258,-0.1807842135,0.01963027239
7.511407625,-5.856253109,-0.7916247064,-0.1409766617
7.521359625,-6.060843676,-1.337335403,-0.183594093
7.531310625,-5.996352396,-1.624077011,-0.0755708769
7.541261625,-5.707814523,-1.692023996,0.2503950235
7.551212625,-5.247589535,-1.522628989,0.6206281471
7.561164625,-4.706203146,-1.146021523,1.01250854
7.571115625,-4.124418053,-0.6264823794,1.425393009
7.581066625,-3.483707643,0.04062586963,1.777501226
7.591017625,-2.713739562,0.8784845102,1.958515235
7.600968625,-2.151870377,1.492832748,1.869777013
7.610920625,-1.829417776,1.675805574,1.497650561
7.620871625,-1.672170652,1.568119742,1.136399345
7.630822625,-1.335077501,1.316873072,0.5943668398
7.640774625,-0.8289816901,1.004087965,-0.4116422278
7.650725625,-0.3684234104,0.7974795234,-0.8689322063
7.660676625,-0.2041128498,0.5574162376,-0.510954262
7.670627625,-0.4518508986,-0.3658608681,-0.96120507
7.680579625,-0.7243179917,-1.086290461,-0.8907712644
7.690530625,-0.8566071528,-1.637941929,-0.5757963753
7.700481625,-1.14681733,-2.230781184,-0.3025510177
7.710432625,-1.406896219,-2.768001723,0.2527245542
7.720384625,-0.4109978646,-3.065658329,0.1915232098
7.730335625,1.214086622,-3.330935978,0.9249356684
7.740286625,0.4431055105,-3.788439673,0.6612505084
7.750237625,-0.3219816077,-3.276546348,0.9525532374
7.760189625,-0.6621667671,-2.64420155,1.288184585
7.770140625,-0.7962533623,-2.195089779,1.472498178
7.780091625,-0.596211344,-1.796791483,0.8449352333
7.790042625,-0.507613163,-1.603126438,0.9076931065
7.799994625,-0.3446191031,-1.522003922,0.7685173872
7.809945625,-0.2793203223,-1.593705989,0.8437947339
7.819896625,-0.02474249303,-1.601748834,0.9529710209
7.829847625,0.3122565186,-1.626565002,1.060712401
7.839799625,0.6486246157,-1.678414602,1.163006516
7.849750625,1.152992574,-1.624809667,1.194299937
7.859701625,1.611920065,-1.572477672,1.123722582
7.869652625,1.967741849,-1.52837154,1.069200804
7.879604625,2.087198126,-1.650024616,1.006499649
7.889555625,2.489691215,-1.581426836,0.9403974608
7.899506625,2.839336,-1.530620379,0.8983220664
7.909457625,3.102557184,-1.519061603,0.9125030261
7.919409625,3.27147038,-1.514848684,0.9915547505
7.929360625,3.413608591,-1.519815894,0.9700194553
7.939311625,3.538780521,-1.547069181,0.9166966492
7.949262625,3.601308306,-1.603575504,0.8140403
7.959214625,3.679232395,-1.683868007,0.7542545664
7.969165625,3.752926024,-1.779887182,0.7154194066
7.979116625,3.834974154,-1.889899621,0.6147490641
7.989067625,3.873417258,-2.061843137,0.4103233883
7.999019625,3.823449292,-2.327967463,0.1335963061
8.008970625,3.783975908,-2.660952069,-0.04408800602
8.018921625,3.711514288,-2.96654627,-0.1364582258
8.028872625,3.709409875,-3.168537457,-0.1687763715
8.038824625,3.742472956,-3.283515059,-0.2271081948
8.048775625,3.751806282,-3.393803194,-0.3026703009
8.058726625,3.882626622,-3.445476793,-0.3144325599
8.068677625,3.990744563,-3.419073691,-0.3653039208
8.078629625,3.867657166,-3.531926707,-0.4571835592
8.088580625,3.548018537,-3.739562797,-0.6934268591
8.098531625,3.230023561,-3.885082161,-1.024345936
8.108482625,2.878228755,-4.072144822,-1.394894517
8.118434625,2.490744883,-4.361238473,-1.758282305
8.128385625,2.170850732,-4.614699776,-1.967904401
8.138336625,2.060459393,-4.688489591,-1.951978633
8.148287625,2.151768343,-4.581936073,-1.795712379
8.158238625,2.291515628,-4.357161502,-1.600738142
8.168190625,2.434092965,-4.052788492,-1.249451459
8.178141625,2.694298739,-3.570666558,-0.795841426
8.1880925,3.090118986,-2.843807951,-0.2662640744
8.1980435,3.318240504,-2.086102942,0.1904063916
8.2079955,3.262988409,-1.548132205,0.4278752679
8.2179465,2.993149931,-1.259435288,0.4375787222
8.2278975,2.593310893,-1.148740479,0.366793499
8.2378485,2.124391095,-1.130114173,0.2446513036
8.2478005,1.596189886,-1.198322529,0.1341055986
8.2577515,1.23316901,-1.146845396,0.008794504702
8.2677025,0.7947599834,-1.169303382,-0.209134731
8.2776535,0.07739783943,-1.51017325,-0.4832478154
8.2876055,-0.3433373934,-1.64562517,-0.6852960134
8.2975565,-0.6795996559,-1.714902397,-0.9576397303
8.3075075,-0.9554250973,-1.694658167,-1.023925813
8.3174585,-1.256515773,-1.66518703,-0.891625835
8.3274105,-1.49932725,-1.577305133,-0.6516932344
8.3373615,-1.662499065,-1.398576801,-0.4177166077
8.3473125,-1.677075005,-1.008556992,-0.2829289314
8.3572635,-1.684385778,-0.6337604088,-0.09652642071
8.3672155,-1.751307161,-0.3392484355,0.08388971061
8.3771665,-1.780502894,-0.02347072363,0.1962670559
8.3871175,-1.707749498,0.3439232844,0.2799755028
8.3970685,-1.666718416,0.6471335757,0.3402094254
8.4070205,-1.634651116,0.7859225017,0.3213667729
8.4169715,-1.562722762,1.052884149,0.3239535812
8.4269225,-1.531484597,1.234820264,0.1769098485
8.4368735,-1.547604494,1.391124524,0.05927907228
8.4468255,-1.650340365,1.411366416,-0.0003484940529
8.4567765,-1.777584841,1.466101617,-0.03124781281
8.4667275,-1.845254083,1.608000092,0.009677434266
8.4766785,-1.946100427,1.666902019,-0.0001295158267
8.4866305,-2.010996627,1.816950343,0.1879701492
8.4965815,-2.138449263,1.948330847,0.3354000905
8.5065325,-2.343546492,1.983449809,0.4955515265
8.5164835,-2.575238904,2.022705091,0.7011326122
8.5264355,-2.817164528,2.08723087,0.8609911028
8.5363865,-3.048417521,2.160452628,0.9993555209
8.5463375,-3.138335711,2.192651491,1.020849009
8.5562885,-3.40297309,2.257174346,1.160370298
8.5662405,-3.449455824,2.334794964,1.187857474
8.5761915,-3.551197084,2.312836331,1.081115383
8.5861425,-3.67134304,2.243885379,0.9976650909
8.5960935,-3.763649525,2.143573471,0.8862487355
8.6060455,-3.863139314,2.029579663,0.7749721286
8.6159965,-3.97081696,1.940850504,0.6703911683
8.6259475,-4.121728041,1.802755643,0.5417489156
8.6358985,-4.206615871,1.680380436,0.4678404021
8.6458505,-4.256546415,1.50698184,0.4807545626
8.6558015,-4.279321613,1.389126531,0.4998232099
8.6657525,-4.314563951,1.252838459,0.4630667353
8.6757035,-4.409792874,1.08303941,0.37788479
8.6856555,-4.572064219,0.7829339898,0.2798033023
8.6956065,-4.551807709,0.7736076808,0.2843582833
8.7055575,-4.823916368,0.2857294554,0.1707951227
8.7155085,-5.151832023,-0.2805716264,0.05706093103
8.7254595,-5.449069383,-0.8694131398,-0.03145918965
8.7354115,-5.637748507,-1.338784343,-0.03428807259
8.7453625,-5.677951623,-1.625137112,0.08682618231
8.7553135,-5.490940125,-1.60003443,0.3255647814
8.7652645,-5.083854048,-1.325990635,0.6891928902
8.7752165,-4.51561783,-0.7898968542,1.198345625
8.7851675,-3.891970473,-0.1159935558,1.634326888
8.7951185,-3.32154535,0.5251372683,1.982145588
8.8050695,-2.776448903,1.151334304,2.150505637
8.8150215,-2.511933439,1.500331217,2.090579571
8.8249725,-2.551103352,1.483710507,1.713634136
8.8349235,-2.435701827,1.273197294,0.6251027289
8.8448745,-1.96711415,1.154720426,-0.5126581407
8.8548265,-1.708192717,1.15791476,0.2216281843
8.8647775,-1.650133081,0.3498196167,-0.2220664331
8.8747285,-1.576119318,-0.3150813085,-0.1678416941
8.8846795,-1.334794788,-0.7954300743,0.04741653353
8.8946315,-1.074301915,-1.429537223,-0.1911653602
8.9045825,-0.9063377219,-2.09752197,-0.0856871447
8.9145335,-0.3961886215,-2.638987003,0.3415873218
8.9244845,0.2555239087,-3.181930797,0.05530530453
8.9344365,2.535526369,-3.351971921,1.047922786
8.9443875,0.9812043017,-4.030503291,0.1751603615
8.9543385,-0.660451194,-3.923587537,0.3101757869
8.9642895,-0.5467918468,-2.600173185,1.485430465
8.9742415,-0.268396554,-1.943098758,1.154936188
8.9841925,-0.2657226223,-1.791866373,1.207492132
8.9941435,-0.1128413218,-1.565529426,0.9728421986
9.0040945,0.1830412388,-1.386675378,1.46902961
9.0140465,0.4336944169,-1.528791955,1.69745489
9.0239975,0.4237617517,-1.793056281,1.807976914
9.0339485,0.7608022785,-1.749089897,2.043089947
9.0438995,1.178399311,-1.728773746,1.797056361
9.0538505,1.440917659,-1.813421549,1.492866662
9.0638025,1.869281169,-1.753888707,1.319544372
9.0737535,2.236192782,-1.68176798,1.190498077
9.0837045,2.541104613,-1.650675411,1.048454591
9.0936555,2.778128516,-1.582733688,0.887621077
9.1036075,3.027066121,-1.418499434,0.7770142686
9.1135585,3.094176369,-1.455197729,0.84117255
9.1235095,3.071493266,-1.525963072,0.9489270866
9.1334605,3.061669359,-1.655134497,1.008294744
9.1434125,3.042145506,-1.837858817,1.115494965
9.1533635,3.089772831,-1.950055776,1.277208192
9.1633145,3.181171244,-2.075351374,1.26213524
9.1732655,3.266644088,-2.236697981,1.223047188
9.183217375,3.323649763,-2.419307988,1.078174818
9.193168375,3.321763451,-2.67846828,0.8744385293
9.203119375,3.301684113,-2.972800452,0.6415725812
9.213070375,3.267879605,-3.273661039,0.4119506684
9.223022375,3.292371252,-3.580642492,0.2027697444
9.232973375,3.366228603,-3.792911915,0.08862127751
9.242924375,3.411816419,-4.021151839,0.0002549386024
9.252875375,3.42975977,-4.247585265,-0.05837713927
9.262827375,3.473203413,-4.33955115,-0.08037261039
9.272778375,3.45112725,-4.450041306,-0.1220568261
9.282729375,3.253931072,-4.687594675,-0.3262044668
9.292680375,2.931802699,-5.088987318,-0.4691124639
9.302632375,2.624971812,-5.459951636,-0.5509419081
9.312583375,2.600040454,-5.412348284,-0.5489611638
9.322534375,2.373873076,-5.553863182,-0.3304375586
9.332485375,2.348161114,-5.411703921,-0.2150439271
9.342436375,2.733908948,-4.776267115,0.08840990067
9.352388375,3.230243416,-3.957235048,0.5043565562
9.362339375,3.646732986,-3.152529243,0.7987433991
9.372290375,3.585527841,-3.015533365,0.7463178483
9.382241375,4.21547645,-1.676698444,1.213033246
9.392193375,4.043351963,-1.308972314,1.115181262
9.402144375,3.494624687,-1.360268767,0.7731445813
9.412095375,2.906018817,-1.505272699,0.2934410557
9.422046375,2.502899491,-1.471105664,-0.1803409946
9.431998375,2.14154741,-1.440225933,-0.5927442375
9.441949375,1.826985335,-1.470989304,-0.9255054796
9.451900375,1.557210007,-1.572037377,-1.187801341
9.461851375,1.239931315,-1.692218708,-1.350960293
9.471803375,0.8795206368,-1.784825156,-1.456095569
9.481754375,0.4934137845,-1.925826668,-1.470722379
9.491705375,-0.04876285493,-2.158514276,-1.360900851
9.501656375,-0.5724049902,-2.341432723,-1.232768037
9.511608375,-0.9390482157,-2.412476394,-1.052102084
9.521559375,-1.0743867,-2.315140718,-0.9661646783
9.531510375,-1.434385149,-2.344332942,-0.5928097263
9.541461375,-1.717336008,-2.361042531,-0.1841495785
9.551412375,-1.805106808,-2.107053516,0.1136920917
9.561364375,-1.779206566,-1.711422134,0.278262561
9.571315375,-1.691373786,-1.234717353,0.5161752409
9.581266375,-1.657709611,-0.7750431722,0.6788956511
9.591217375,-1.706511642,-0.3984357065,0.6007359195
9.601169375,-1.802265646,-0.009996399879,0.5150160304
9.611120375,-1.931100857,0.4254258692,0.3829180732
9.621071375,-2.126753955,0.7609098673,-0.03522567362
9.631022375,-2.274341479,1.12043937,-0.3851879624
9.640974375,-2.317492176,1.446415796,-0.502287519
9.650925375,-2.350307043,1.716547219,-0.5648582813
9.660876375,-2.438495334,1.936319497,-0.7031966794
9.670827375,-2.538075755,2.221512762,-0.8352279782
9.680779375,-2.704195152,2.366637731,-0.9504336217
9.690730375,-2.90902487,2.477116193,-1.11527204
9.700681375,-3.163291628,2.571125972,-1.261469973
9.710632375,-3.356896154,2.752948651,-1.19523169
9.720584375,-3.544760469,2.900511324,-1.035008626
9.730535375,-3.770973162,2.948019367,-0.8270722818
9.740486375,-3.910898495,2.984835775,-0.6530952506
9.750437375,-4.038986431,3.014924378,-0.4883419096
9.760389375,-4.067809696,3.053217208,-0.3258113877
9.770340375,-4.063942932,2.996116809,-0.26541769
9.780291375,-4.026164949,2.902618661,-0.2135578573
9.790242375,-4.000370542,2.759427951,-0.1829269257
9.800193375,-4.002315326,2.481689885,-0.1614641359
9.810145375,-4.047519566,2.179689383,-0.1262299839
9.820096375,-4.110057291,1.843389114,-0.1502023986
9.830047375,-4.140367211,1.549402805,-0.07595883965
9.839998375,-4.121288038,1.316252682,0.02117364496
9.849950375,-3.983020391,1.196735594,0.2009641242
9.859901375,-3.817115003,1.139020652,0.3714066598
9.869852375,-3.657272007,1.107163267,0.4539380622
9.879803375,-3.54453652,1.027790823,0.4761606976
9.889755375,-3.572367513,0.8747534019,0.46925192
9.899706375,-3.751776169,0.5773394555,0.3863737777
9.909657375,-4.031344705,0.1595021027,0.1575953257
9.919608375,-4.631918364,-0.5595919865,-0.1360480437
9.929560375,-4.59403367,-0.5820412016,-0.1111485529
9.939511375,-4.757539653,-0.8293918723,-0.2054685268
9.949462375,-4.725320618,-0.7971626043,-0.06672754794
9.959413375,-4.56280983,-0.6378704166,0.1405869448
9.969364375,-4.307415145,-0.3292660689,0.3790475088
9.979316375,-3.974326751,0.2013517946,0.7525018635
9.989267375,-3.925753346,0.1789060879,0.7572632512
9.999218375,-3.05619081,1.565340561,1.512115403
10.00916938,-2.773596924,2.117253399,1.690581196
10.01912138,-2.705562231,2.099814663,1.649120344
10.02907238,-2.74008887,2.047038864,0.2233326477
10.03902338,-2.641619712,2.019024269,0.1633203346
10.04897438,-2.658093072,1.63123108,0.1663757971
10.05892638,-2.757590171,0.829778958,-0.4970416895
10.06887737,-2.631739379,0.2227099192,-0.3485513556
10.07882838,-2.37308838,-0.3326340652,-0.1109839538
10.08877937,-2.207787301,-0.4314753985,-0.09686877519
10.09873138,-1.509002638,-2.089924098,-0.198913798
10.10868238,-2.253260804,-2.849214871,-0.8995321476
10.11863338,-1.566872531,-3.177531352,0.2098311344
10.12858438,-0.9591117668,-3.314055067,0.9032688108
10.13853638,-0.8108556139,-3.454721534,0.9920783687
10.14848738,-1.169423835,-3.197137651,2.293176237
10.15843837,-1.062293488,-3.157504054,2.818117332
10.16838938,-0.726045844,-2.916929137,3.261577183
10.17834037,-0.2780742806,-2.442389579,3.170428447
10.18829225,-0.1462564051,-2.552099717,3.152668699
10.19824325,0.3946548969,-1.933222227,2.565836289
10.20819425,0.6377534723,-1.893689786,2.062990068
10.21814525,0.7784509295,-1.980144963,1.938542316
10.22809725,1.256214057,-1.677762637,1.170940895
10.23804825,1.39018897,-1.762131527,1.025161622
10.24799925,1.930766396,-1.397701473,0.659893662
10.25795025,2.228380902,-1.30879105,0.5840394875
10.26790225,2.344950993,-1.400864232,0.4570379636
10.27785325,2.913613181,-1.107352717,0.3699325767
10.28780425,3.016045289,-1.201503414,0.2671022728
10.29775525,3.303582119,-1.1595742,0.3138023762
10.30770625,3.391466355,-1.253203325,0.2414584315
10.31765825,3.394947202,-1.356688517,0.2854012804
10.32760925,3.455132593,-1.448175223,0.2610197067
10.33756025,3.524771762,-1.543174351,0.247864641
10.34751125,3.62701676,-1.526540776,0.4080749877
10.35746325,3.688946959,-1.62375366,0.4235780029
10.36741425,3.951195166,-1.687134554,0.642555352
10.37736525,4.002427885,-1.777414979,0.6731013528
10.38731625,4.073047632,-1.902251279,0.6495977385
10.39726825,4.1636479,-2.05420755,0.6110341819
10.40721925,4.111441619,-2.302722402,0.5439011295
10.41717025,4.003334788,-2.577097149,0.4237981506
10.42712125,3.846230628,-2.83419542,0.33971402
10.43707325,3.679678538,-3.034622478,0.3036764605
10.44702425,3.548256519,-3.160238796,0.3097916248
10.45697525,3.447966245,-3.198913158,0.3367057738
10.46692625,3.35717185,-3.198079345,0.3002191481
10.47687725,3.248124787,-3.199612777,0.2806964645
10.48682925,3.087774253,-3.237277032,0.1660879679
10.49678025,2.846294771,-3.367525515,-0.07552526861
10.50673125,2.429783567,-3.755563703,-0.4666113174
10.51668225,1.9774722,-4.355620176,-0.8695417786
10.52663425,1.693072402,-4.81427811,-1.091902765
10.53658525,1.611202612,-4.979294722,-1.042595973
10.54653625,1.713198518,-4.975272422,-0.9010503772
10.55648725,1.984733273,-4.742531605,-0.6715670434
10.56643925,2.167835907,-4.49911728,-0.4637321484
10.57639025,1.970079566,-4.445207121,-0.5165748981
10.58634125,1.820184438,-4.265103523,-0.6000415626
10.59629225,2.018039598,-3.638985425,-0.4847014332
10.60624425,2.437908858,-2.8223054,-0.2660576677
10.61619525,2.895435941,-1.984650827,0.04182133287
10.62614625,3.15532772,-1.265564924,0.2736685498
10.63609725,3.079061902,-0.7264329296,0.37038252
10.64604825,2.703944891,-0.5672255266,0.2446090575
10.65600025,2.152629054,-0.5693077201,-0.03380158424
10.66595125,1.533634619,-0.6103136587,-0.393165611
10.67590225,1.096076946,-0.5398178726,-0.6433659223
10.68585325,0.9509806287,-0.2012833822,-0.7031367454
10.69580525,0.7452305585,0.03028272986,-0.9356547841
10.70575625,0.4430312508,0.1357372642,-1.271207779
10.71570725,0.1577526158,0.1830330527,-1.528686558
10.72565825,-0.1022765726,0.1455524004,-1.580362935
10.73561025,-0.4228010541,0.1437543815,-1.467263166
10.74556125,-0.8148837608,0.03221640408,-1.319011691
10.75551225,-1.258004474,-0.2937746394,-1.212077811
10.76546325,-1.603210638,-0.5260465103,-0.9522398266
10.77541525,-1.569107337,-0.6799253458,-0.1632823277
10.78536625,-1.525233339,-0.7452340668,0.08250801355
10.79531725,-1.560628874,-0.7975684011,0.2975645122
10.80526825,-1.659153873,-0.7747122198,0.418461543
10.81521925,-1.638756446,-0.772214874,0.5478022456
10.82517125,-1.613056764,-0.5391922206,0.7103165415
10.83512225,-1.545709119,-0.2545655501,0.8706939724
10.84507325,-1.641280982,-0.2180444258,0.9230993503
10.85502425,-1.589447169,0.1061076683,1.094220748
10.86497625,-1.580984494,0.6592378968,1.389664182
10.87492725,-1.751847444,0.833741616,1.431437568
10.88487825,-1.850366011,0.8834008491,1.437862196
10.89482925,-2.186246158,1.107367335,1.447466833
10.90478125,-2.275945662,1.154213473,1.442191182
10.91473225,-2.521450659,1.379491489,1.221909319
10.92468325,-2.595277312,1.421776798,1.202492763
10.93463425,-2.589004419,1.590591177,0.860432986
10.94458525,-2.490149637,1.73274576,0.85141541
10.95453725,-2.550869755,1.769024225,0.8255876738
10.96448825,-2.416854204,2.002890632,0.6830047819
10.97443925,-2.477052166,2.034020038,0.6676476547
10.98439025,-2.425560123,2.217910877,0.7610610178
10.99434225,-2.573170744,2.26476754,0.8096768153
11.00429325,-2.628105335,2.286341427,0.811445598
11.01424425,-3.001759664,2.152315058,0.691381503
11.02419525,-3.045514086,2.167420755,0.6971702465
11.03414725,-3.250085066,1.943364807,0.6968275997
11.04409825,-3.322649597,1.813828515,0.7298959431
11.05404925,-3.354909855,1.821738043,0.7421566772
11.06400025,-3.681388556,1.364328489,0.8520086101
11.07395225,-3.708967533,1.369189864,0.86729177
11.08390325,-4.108923808,1.010719292,0.9929893649
11.09385425,-4.307921222,0.9066692591,0.9850409523
11.10380525,-4.323441778,0.9096139169,0.9925856146
11.11375625,-4.654723383,0.6579977024,0.9510838321
11.12370825,-4.656435155,0.6593525022,0.9489823428
11.13365925,-5.109579458,0.2850067395,0.5361946455
11.14361025,-5.373511662,-0.03203104734,0.245032542
11.15356125,-5.543558049,-0.3415165704,0.08660398811
11.16351325,-5.639552958,-0.5745123267,0.02837975353
11.17346425,-5.591128072,-0.5926147217,0.02850137562
11.18341525,-5.291205086,-0.4878144908,0.1745385101
11.193366,-5.016475997,-0.3260916156,0.4813737828
11.203317,-4.662393175,-0.09247605443,0.9175591135
11.213269,-4.129540506,0.3725389731,1.435890223
11.22322,-4.040652595,0.3444471949,1.41008646
11.233171,-3.40355752,0.9086099499,1.884847627
11.243122,-2.805348767,1.427027598,2.079227494
11.253074,-2.407541636,1.564000379,1.485024084
11.263025,-1.915388511,1.172747392,1.165184311
11.272976,-1.678361977,1.148274456,1.252574457
11.282927,-1.959771217,0.409770534,0.4004114807
11.292879,-1.92207948,-0.231536876,-0.02838793963
11.30283,-1.622125795,-0.5242631096,-0.1856195685
11.312781,-1.166653716,-1.065669086,-0.287379832
11.322732,-0.7848027599,-1.921221986,-0.2757538131
11.332684,-0.2026054376,-2.570627205,0.2281489992
11.342635,2.018924866,-2.937655177,1.548872463
11.352586,1.297371438,-4.232187207,0.1953177604
11.362537,-0.3829452628,-4.417557392,0.3683304396
11.372488,0.3205057704,-3.025423638,1.281416141
11.38244,-0.3696714985,-2.769064747,1.500299934
11.392391,-0.8554143208,-2.632083195,1.179409417
11.402342,-1.105462897,-2.177293194,0.893095825
11.412293,-1.409822751,-1.570353963,0.9462996402
11.422245,-1.516604603,-1.483898787,1.137259471
11.432196,-1.641785889,-1.522797974,1.474954886
11.442147,-1.622967795,-1.638632485,1.760021267
11.452098,-1.406882771,-1.827642562,2.02364123
11.46205,-0.9762096101,-1.98261892,2.149653113
11.472001,-0.4813264203,-2.232157618,2.222912001
11.481952,0.04588602483,-2.462607497,2.318545552
11.491903,0.6545724034,-2.598235418,2.346670367
11.501854,1.208700752,-2.646853262,2.323526795
11.511806,1.659955527,-2.652439107,2.237994017
11.521757,1.942939714,-2.722850693,2.219689893
11.531708,2.190810202,-2.74086538,2.134858488
11.541659,2.49403862,-2.664881982,2.042106153
11.551611,2.765927716,-2.555771769,1.941328222
11.561562,2.954101056,-2.497415387,1.789305877
11.571513,3.07395085,-2.515511935,1.692577727
11.581464,3.14266382,-2.521096903,1.696500917
11.591415,3.274117414,-2.53923555,1.667503405
11.601367,3.377114949,-2.581518521,1.645612014
11.611318,3.372830109,-2.648430549,1.569332162
11.621269,3.442036584,-2.750351903,1.536141905
11.63122,3.630830898,-2.948693258,1.225858529
11.641172,3.691460677,-3.040927823,1.19213939
11.651123,3.860090284,-3.285535857,0.8426732379
11.661074,3.93497499,-3.514521008,0.6198373112
11.671025,3.972508267,-3.584739636,0.6090705407
11.680977,4.065913444,-3.67062851,0.5205939817
11.690928,4.084390646,-3.718650523,0.5304570651
11.700879,3.962060462,-3.674633268,0.5114033282
11.71083,3.742101073,-3.789867563,0.4548411646
11.720781,3.739014328,-3.801860494,0.4775055572
11.730733,3.006122564,-4.415781008,0.08831546813
11.740684,2.996972841,-4.415862284,0.112498675
11.750635,2.452664307,-5.162648202,-0.2076238105
11.760586,2.577573697,-5.156223282,-0.1008992609
11.770538,2.561143021,-5.136726326,-0.08141984671
11.780489,3.031045151,-4.717228948,0.1626517054
11.79044,3.008319363,-4.662513336,0.155912497
11.800391,3.449444422,-4.076593091,0.2810931981
11.810343,3.579546139,-3.685833609,0.3547438493
11.820294,3.542232133,-3.567414629,0.2978884479
11.830245,3.606211782,-2.782415402,0.5579553509
11.840196,3.553818975,-2.631835566,0.481046631
11.850147,3.484473921,-1.824939686,0.5300778732
11.860099,3.335664037,-1.371069452,0.3565339744
11.87005,3.089022049,-1.0715087,0.02124761224
11.880001,2.711066215,-0.9695794523,-0.4296475589
11.889952,2.621917811,-0.7729048455,-0.5655728111
11.899904,1.816263295,-1.026372873,-1.36803197
11.909855,1.47887252,-1.061429855,-1.513411731
11.919806,1.125860324,-1.158172622,-1.775933587
11.929757,0.7959329349,-1.30572594,-2.054997217
11.939709,0.6927284092,-1.163003592,-2.119566557
11.94966,0.2446363932,-1.449710702,-2.228342603
11.959611,-0.04103517473,-1.663839247,-2.381207238
11.969562,-0.3459347266,-1.543891804,-2.374947209
11.979513,-0.5569315034,-1.74521027,-2.086899333
11.989465,-0.6476048613,-1.67500509,-2.011595089
11.999416,-0.9197407097,-1.832273557,-1.377664673
12.009367,-0.9483809566,-1.751180862,-1.133467844
12.019318,-1.040747668,-1.699318398,-1.023843952
12.02927,-0.8056790739,-1.478132263,-0.4225145406
12.039221,-0.9052092093,-1.426238809,-0.3135820824
12.049172,-0.8019655073,-1.123105701,-0.08780792981
12.059123,-0.9411631536,-0.8607078052,0.1278733438
12.069074,-0.9296850693,-0.5702374274,0.2624215767
12.079026,-1.096903158,-0.3135236102,0.4751432821
12.088977,-1.858736885,0.4541438842,-0.1114429602
12.098928,-2.461971905,0.8542489707,-1.12317996
12.108879,-2.203497491,0.9722545534,-1.119604096
12.118831,-2.006277339,1.313416783,-0.9950303355
12.128782,-1.78517365,1.448343623,-0.753437418
12.138733,-1.575025889,1.446622787,-0.6157293499
12.148684,-1.458983801,1.439903167,-0.3716383557
12.158636,-1.264904773,1.468357472,0.2446220675
12.168587,-1.224297615,1.624244826,0.6103573667
12.178538,-1.466351877,1.809748912,0.3222318685
12.188489,-1.648373362,1.840929775,-0.1169361269
12.19844067,-1.847169923,2.007480111,-0.2290317826
12.20839267,-2.014572199,2.098638203,-0.1826094219
12.21834367,-2.162853787,2.09037141,-0.2047132127
12.22829467,-2.366812855,1.98147462,-0.225250973
12.23824567,-2.636978777,1.722885016,-0.1874814682
12.24819767,-2.895471025,1.455981256,0.01710676029
12.25814867,-3.099880621,1.135961389,0.1745911351
12.26809967,-3.237881927,0.8793364495,0.2292596778
12.27805067,-3.287119283,0.6808749336,0.3218211016
12.28800167,-3.316812614,0.5055748236,0.3770226181
12.29795367,-3.385959739,0.3587781358,0.3443881381
12.30790467,-3.470064043,0.2175585222,0.333356781
12.31785567,-3.450492827,0.1269073838,0.313063142
12.32780667,-3.361090946,0.1459669679,0.3385245502
12.33775867,-3.231384793,0.3054275554,0.3386148897
12.34770967,-3.179885149,0.5318241441,0.07451106906
12.35766067,-3.068703851,0.7004876643,-0.2297221926
12.36761167,-2.971299471,0.8477445281,-0.413007845
12.37756267,-2.760891801,1.011515098,-0.5171701446
12.38751467,-2.494150887,1.179289257,-0.5295229724
12.39746567,-2.236832467,1.336603916,-0.4811615288
12.40741667,-2.008027995,1.466548344,-0.3532469621
12.41736767,-1.831263158,1.530451394,-0.2498562026
12.42731967,-1.714360945,1.54157923,-0.04582316726
12.43727067,-1.65610455,1.547605956,0.2445599408
12.44722167,-1.908545222,1.381079593,0.5143465242
12.45717267,-1.822424507,1.320306557,0.525340459
12.46712367,-2.346549622,0.7532669717,1.161866016
12.47707567,-2.24271652,0.6736454362,1.183436395
12.48702667,-2.481225616,-0.06959414542,1.35039896
12.49697767,-2.30374391,-0.3990970266,1.319701078
12.50692867,-2.168995995,-0.5117231709,1.343076638
12.51688067,-1.74365608,-0.7667676079,1.275745657
12.52683167,-1.467688551,-0.8302672005,1.087390323
12.53678267,-1.394818211,-0.7200436771,1.050216064
12.54673367,-1.361038846,-0.5978234214,1.138568955
12.55668567,-1.235010298,-0.7239045936,1.15663305
12.56663667,0.09061079264,-0.4617803478,0.1916325527
12.57658767,1.165672846,-0.6259409273,1.236847494
12.58653867,-0.9280765003,-1.377834388,0.1926762807
12.59648967,-2.026341475,-1.723863255,0.7231365618
12.60644167,-1.92965484,-1.830326434,0.7212622368
12.61639267,-2.824708021,-1.621551014,1.984951959
12.62634367,-2.66990591,-1.802345753,2.038125368
12.63629467,-2.637793586,-2.158917149,1.94550021
12.64624667,-2.241863412,-2.395783762,1.844687488
12.65619767,-2.112665089,-2.547827157,1.793365599
12.66614867,-1.734284747,-2.666375361,1.687393878
12.67609967,-1.377299368,-2.866683428,1.517299106
12.68605067,-1.503715585,-3.021394322,1.771954265
12.69600267,-1.490559935,-3.088034454,1.713368964
12.70595367,-1.384827073,-3.246896287,1.670167104
12.71590467,-2.055992121,-3.270690946,1.4660946
12.72585567,-1.592883285,-3.57048354,1.015223987
12.73580767,-1.019861414,-3.180120499,2.520802495
12.74575867,-1.10448992,-3.35582202,2.176454118
12.75570967,-1.002449575,-3.544862503,2.105603406
12.76566067,-0.7053800297,-3.152699981,1.500904244
12.77561167,-0.3282235104,-3.199178621,1.018344061
12.78556367,-0.5193181193,-3.197726465,0.6212878592
12.79551467,-0.7078276742,-3.395066485,0.3175554116
12.80546567,-0.623495037,-3.576058567,0.1419074654
12.81541667,-0.9975168639,-3.595570141,0.12491648
12.82536867,-1.120130053,-3.7204769,0.2329098753
12.83531967,-0.9860645074,-3.641673975,0.2707190681
12.84527067,-0.7954610646,-3.550134645,0.1065538108
12.85522167,-0.7451410961,-3.764072571,-0.1645833331
12.86517267,-0.3639400578,-3.530866899,-0.5813108844
12.87512467,-0.08069391489,-3.562206514,-0.847249342
12.88507567,-0.07658390701,-3.771522508,-1.18484952
12.89502667,1.167892449,-4.494829516,-0.1771431524
12.90497767,1.138239464,-4.694311371,-0.5138847403
12.91492967,1.954405519,-5.051061693,0.3815431005
12.92488067,-0.9754325151,-3.426455508,-0.3752335162
12.93483167,-1.761785957,-3.370051804,-0.7172191796
12.94478267,-0.4183577549,-3.912310597,-0.2019821244
12.95473367,-0.4857972014,-3.69348206,-1.07804004
12.96468567,-0.13946311,-3.117320818,-1.412348163
12.97463667,0.4487106514,-2.827840374,-1.387946563
12.98458767,0.3648317581,-2.685925234,-1.559213263
12.99453867,-0.2483049363,-2.463585444,-1.600196398
13.00449067,-1.072688668,-2.168612418,-1.762064284
13.01444167,-1.344837381,-1.950804512,-1.918165646
13.02439267,-1.045744114,-1.80469648,-1.43469856
13.03434367,-0.6331376803,-1.628233358,-1.920675271
13.04429467,-0.3120413411,-1.563535087,-2.524074013
13.05424667,0.0383934027,-1.534183087,-2.919799535
13.06419767,0.2174632126,-1.41961479,-2.812936406
13.07414867,0.3176008737,-1.21193894,-2.32400919
13.08409967,0.3437461138,-1.104058396,-1.889832963
13.09405167,0.2759178275,-1.294376933,-1.482858567
13.10400267,0.2336219931,-1.501167661,-1.159377733
13.11395367,0.4591146022,-1.441168358,-1.35120149
13.12390467,0.8941135329,-1.420573734,-1.838777415
13.13385567,1.029299405,-1.392231987,-2.191279734
13.14380767,0.6880731484,-1.328232165,-2.094504806
13.15375867,0.2446779084,-1.080459033,-1.843433552
13.16370967,0.05388472348,-0.8528786758,-1.925542493
13.17366067,0.104314912,-0.6321989098,-2.316709526
13.18361267,0.2489177245,-0.3885588822,-2.746478122
13.19356375,0.4953424886,-0.2175126216,-2.947241687
13.20351475,0.8081808051,-0.1375621802,-3.118277423
13.21346575,1.067390214,-0.07027622312,-3.063579644
13.22341675,1.008139501,-0.3261734766,-2.840831718
13.23336875,-0.0355478552,-1.210173373,-2.501185672
13.24331975,0.2143235502,-0.9123050979,-2.436656384
13.25327075,0.1207052422,-0.3582144642,-1.607186744
13.26322175,0.0391053012,-0.4214617494,-1.607568567
13.27317375,-0.2967268986,-0.4109841236,-0.6901632357
13.28312475,0.3264348471,-0.3082061523,-1.409469579
13.29307575,0.7346871516,-0.4317429087,-1.490828907
13.30302675,0.8303426296,-0.3713397092,-1.459579048
13.31297775,0.7373128438,-0.364627398,-1.418445055
13.32292975,0.7299959305,-0.4195312911,-1.394575551
13.33288075,0.8304481718,-0.3718741447,-0.7511251366
13.34283175,0.7409439647,-0.3307597402,-0.4937073147
13.35278275,0.7447013855,-0.2302993128,-0.3039990807
13.36273375,0.7703455192,-0.1585454983,-0.3722846192
13.37268575,0.8153740498,-0.2183268464,-0.3263471389
13.38263675,0.7685884309,-0.0830272463,-0.6382586718
13.39258775,0.5983362222,-0.08986147195,-0.7929467618
13.40253875,0.3429900688,-0.05975445092,-0.9805131608
13.41249075,0.1032284993,0.01938907474,-1.102007777
13.42244175,0.1288296559,-0.02425191164,-1.067946576
13.43239275,0.004776882827,0.104958398,-1.279616953
13.44234375,-0.09170012891,0.1560022518,-1.145478317
13.45229475,-0.1052855498,0.1576777714,-0.8648780394
13.46224675,-0.01867191374,0.1052875963,-0.4907363445
13.47219775,-0.006101861894,0.08068046629,-0.4714188981
13.48214875,0.197199102,-0.07052005202,0.03562182248
13.49209975,0.3540535855,-0.1599397668,0.1287515956
13.50205175,0.4468369111,-0.2374984047,0.03137440503
13.51200275,0.4897010949,-0.2723396239,-0.02443142116
13.52195375,0.5383013973,-0.2968245471,0.01029987037
13.53190475,0.1888934246,-0.2857388109,0.0407118237
13.54185575,-0.1643596771,-0.1390163827,-0.07551620543
13.55180775,-0.1129047641,-0.1662872118,-0.03605042338
13.56175875,-0.4098646742,0.1280417436,-0.6454723817
13.57170975,-0.3745369667,0.1068707299,-0.616008262
13.58166075,-0.2043110704,0.01282879114,-0.4301381403
13.59161275,0.1492218205,-0.1897134966,-0.4709253931
13.60156375,0.2780257487,-0.01728553891,-1.844315897
13.61151475,-0.1640477282,0.232254914,-2.008496942
13.62146575,-0.1624257106,0.2520003766,-2.020760892
13.63141675,-0.331581274,-0.2816592085,0.03797649622
13.64136875,-0.1856903198,-0.3190796345,0.5162015533
13.65131975,-0.2680831432,-0.2602221465,1.041276841
13.66127075,-0.5249966428,-0.1106872076,1.322180005
13.67122175,-0.5399508968,-0.1256438005,1.32526558
13.68117375,-0.2867079869,0.3447880876,0.205055421
13.69112475,-0.1952835542,0.3740709436,-0.2481991017
